Case_Number,Fault_Resistance,Fault_Angle,Fault_Duration,Vnadir,Number of Trips,Number of Chatters,Value of Chatters,Final_Output,Segment 1_Stall,Segment2_Stall,Segment3_Stall,TMS,,T1_Measured,V1_Measured,T2_Measured,V2_Measured,,,,,,
1,2.490490138,1.996127912,0.088155794,0.90267044,0,0,0,0,0,0,0,0,,NaN,0.996582848,-46.247912,0.999987531,,1000,,,,
2,2.740927827,1.99872105,0.079307692,0.907954022,0,0,0,0,0,0,0,0,,NaN,0.998198407,-48.84105,0.999987531,,,,,,
3,0.599213745,1.996056296,0.093725629,0.793958406,3,0,3,3,1,1,1,30,,0.00875895,0.795724925,106.223704,0.879146204,,,,,,
4,2.761783604,1.996177189,0.084443092,0.910114377,0,0,0,0,0,0,0,0,,NaN,0.997747167,-46.297189,0.999987531,,1.997701077,1.995885,,,
5,1.988987927,1.998053041,0.078379213,0.877821093,0,3,1.5,1.5,0,0,0,0,,0.040222811,0.88665047,94.986959,0.939829011,,,,,,
6,0.518236114,1.996282542,0.097968752,0.782266863,3,0,3,3,1,1,1,30,,0.009666959,0.784462819,115.237458,0.87540836,,0.001816077,,,,
7,1.015870102,1.999288452,0.095868896,0.826143276,0,3,1.5,1.5,1,1,1,30,,0.014197458,0.834021432,104.911548,0.853855256,,,,,,
8,0.426611081,1.999285946,0.085020206,0.768160224,3,0,3,3,1,1,1,30,,0.010591548,0.769812281,107.194054,0.882576447,,2.49591,,,,
9,3.847592323,1.998889665,0.08742842,0.929681917,0,0,0,0,0,0,0,0,,NaN,0.996265647,-49.009665,0.999987531,,,,,,
10,0.018536897,1.996503939,0.086248589,0.671579409,3,0,3,3,1,1,1,30,,0.007990335,0.674685045,99.656061,0.822018386,,2.497726077,,,,
11,3.099641859,1.998627855,0.073617818,0.916379672,0,0,0,0,0,0,0,0,,NaN,0.996449296,-48.747855,0.999987531,,,,,,
12,3.269212883,1.998040312,0.076731503,0.920164086,0,0,0,0,0,0,0,0,,NaN,0.997000377,-48.160312,0.999987531,,,,,,
13,3.474778821,1.999933561,0.082381748,0.923293971,0,0,0,0,0,0,0,0,,NaN,0.998411967,-50.053561,0.999987531,,,,,,
14,0.337743382,1.998583631,0.074375256,0.753383844,3,0,3,3,1,1,1,30,,0.009706439,0.754060051,91.456369,0.874237064,,,,,,
15,1.599130596,1.999214211,0.094815483,0.855421434,0,3,1.5,1.5,1,1,1,30,,0.016576369,0.861672677,101.265789,0.872122746,,,,,,
16,1.039481611,1.997770324,0.073185651,0.831064437,0,3,1.5,1.5,0,1,1,20,,0.011025789,0.834098809,88.069676,0.897131548,,,,,,
17,3.200273921,1.997681131,0.074223195,0.919023912,0,0,0,0,0,0,0,0,,NaN,0.997149034,-47.801131,0.999987531,,,,,,
18,1.72565531,1.999318307,0.072384578,0.864549752,0,3,1.5,1.5,1,1,0,20,,0.017958869,0.871796826,88.921693,0.906197899,,,,,,
19,3.642590378,1.996227291,0.074281221,0.927704765,0,0,0,0,0,0,0,0,,NaN,0.998722699,-46.347291,0.999987531,,,,,,
20,0.727388113,1.996434379,0.081208766,0.810387658,3,0,3,3,1,1,1,30,,0.011972709,0.8113367,96.965621,0.893281099,,,,,,
21,1.055211666,1.996601953,0.077059706,0.830076426,0,3,1.5,1.5,0,1,0,10,,0.012845621,0.840354403,94.758047,0.951774841,,,,,,
22,0.582155922,1.997508408,0.097448542,0.791414458,3,0,3,3,1,1,1,30,,0.012438047,0.793403357,112.691592,0.888017549,,,,,,
23,0.544274235,1.999343582,0.081025906,0.787175429,3,0,3,3,1,1,1,30,,0.012491592,0.787966449,94.056418,0.890211498,,,,,,
24,3.477168831,1.999226852,0.072854383,0.923467161,0,0,0,0,0,0,0,0,,NaN,0.996758886,-49.346852,0.999987531,,,,,,
25,2.318818349,1.996131463,0.096832536,0.896586633,0,0,0,0,0,0,0,0,,NaN,0.996920262,-46.251463,0.999987531,,,,,,
26,2.899440807,1.997543074,0.099325621,0.912247268,0,0,0,0,0,0,0,0,,NaN,0.998042319,-47.663074,0.999987531,,,,,,
27,0.579819193,1.998074816,0.08131437,0.792142259,3,0,3,3,1,1,1,30,,0.011856926,0.793052944,95.205184,0.890899285,,,,,,
28,3.412124471,1.997616164,0.07040027,0.923091736,0,0,0,0,0,0,0,0,,NaN,0.997471335,-47.736164,0.999987531,,,,,,
29,2.488220526,1.998616416,0.075293554,0.900527069,0,0,0,0,0,0,0,0,,NaN,0.995531904,-48.736416,0.999987531,,,,,,
30,1.403809524,1.998496056,0.080310371,0.850159329,0,3,1.5,1.5,1,1,1,30,,0.016183584,0.861949488,94.423944,0.923867953,,,,,,
31,2.952998159,1.9970961,0.086510039,0.914147899,0,0,0,0,0,0,0,0,,NaN,0.996229058,-47.2161,0.999987531,,,,,,
32,1.607232135,1.997678047,0.075431651,0.858463808,0,3,1.5,1.5,1,1,1,30,,0.0357039,0.919901218,89.481953,0.915811722,,,,,,
33,0.303866767,1.99594403,0.086774675,0.74587732,3,0,3,3,1,1,1,30,,0.008601953,0.747661506,99.25597,0.845805619,,,,,,
34,0.959664614,1.999979766,0.090383485,0.823386773,0,3,1.5,1.5,1,1,1,30,,0.01441597,0.826725853,99.180234,0.892600524,,,,,,
35,0.493275739,1.996576035,0.074084166,0.780034405,3,0,3,3,1,1,1,30,,0.007980234,0.780766958,89.263965,0.865833436,,,,,,
36,0.735631153,1.996322068,0.070610008,0.811838204,3,0,3,3,1,1,1,30,,0.011503965,0.812392916,88.557932,0.889389794,,,,,,
37,0.959810103,1.997431207,0.076579307,0.822348694,0,3,1.5,1.5,0,0,1,10,,0.013317932,0.831423377,96.568793,0.9555274,,,,,,
38,2.669068276,1.996704993,0.077315317,0.90743789,0,0,0,0,0,0,0,0,,NaN,0.997272758,-46.824993,0.999987531,,,,,,
39,0.198617721,1.997919865,0.080824753,0.723054015,3,0,3,3,1,1,1,30,,0.012575007,0.724611405,95.600135,0.850862158,,,,,,
40,3.61086444,1.997294056,0.083611681,0.92669787,0,0,0,0,0,0,0,0,,NaN,0.998441285,-47.414056,0.999987531,,,,,,
41,3.779148759,1.999844627,0.069547676,0.928405664,0,0,0,0,0,0,0,0,,NaN,0.9970624,-49.964627,0.999987531,,,,,,
42,1.96345637,1.999714217,0.075440658,0.87431533,0,3,1.5,1.5,0,1,1,20,,0.035475373,0.874358818,93.325783,0.93330331,,,,,,
43,2.657010554,1.996098987,0.093373787,0.907269414,0,0,0,0,0,0,0,0,,NaN,0.996835008,-46.218987,0.999987531,,,,,,
44,1.350877639,1.998953909,0.067673035,0.846274797,0,3,1.5,1.5,1,1,1,30,,0.018341013,0.862966885,71.166091,0.867497103,,,,,,
45,3.600215386,1.997000831,0.097630843,0.92611586,0,0,0,0,0,0,0,0,,NaN,0.998194864,-47.120831,0.999987531,,,,,,
46,1.476987124,1.997641315,0.091020018,0.84884188,0,3,1.5,1.5,1,0,0,10,,0.018159169,0.868835391,105.118685,0.913748693,,,,,,
47,0.444811021,1.998162295,0.082970679,0.771932652,3,0,3,3,1,1,1,30,,0.011878685,0.772968664,94.997705,0.879769457,,,,,,
48,3.121008273,1.999807571,0.085964885,0.916415381,0,0,0,0,0,0,0,0,,NaN,0.995079675,-49.927571,0.999987531,,,,,,
49,1.558955348,1.9976201,0.074601543,0.860909879,0,3,1.5,1.5,1,1,1,30,,0.016792429,0.863708226,93.7399,0.953289742,,,,,,
50,0.966765144,1.999975552,0.081979666,0.824359698,0,3,1.5,1.5,1,1,1,30,,0.0127399,0.827316553,91.504448,0.909149651,,,,,,
51,1.615648582,1.997135562,0.098770848,0.85697319,0,3,1.5,1.5,0,0,0,0,,0.032704448,0.870206475,103.824438,0.87089835,,,,,,
52,0.385818101,1.998800745,0.08490863,0.761076424,3,0,3,3,1,1,1,30,,0.012624438,0.762853881,107.559255,0.88113893,,,,,,
53,0.52789317,1.998655912,0.084053823,0.784809749,3,0,3,3,1,1,1,30,,0.010959255,0.785683003,94.864088,0.888169337,,,,,,
54,3.768202363,1.99812586,0.074412093,0.928791747,0,0,0,0,0,0,0,0,,NaN,0.997622879,-48.24586,0.999988898,,,,,,
55,3.824538161,1.998788273,0.082980295,0.929368485,0,0,0,0,0,0,0,0,,NaN,0.998532373,-48.908273,0.999988898,,,,,,
56,3.30083438,1.9986567,0.087481201,0.920432901,0,0,0,0,0,0,0,0,,NaN,0.995735309,-48.7767,0.999988898,,,,,,
57,0.239118172,1.996621719,0.089315214,0.731469213,3,0,3,3,1,1,1,30,,0.0091833,0.734092283,107.338281,0.828952172,,,,,,
58,0.939119653,1.996412893,0.079870657,0.821262866,0,3,1.5,1.5,1,1,0,20,,0.012058281,0.829146523,102.987107,0.961702059,,,,,,
59,1.412634285,2.000042335,0.07893564,0.852446492,0,3,1.5,1.5,1,1,1,30,,0.018027107,0.861624962,93.357665,0.924897211,,,,,,
60,3.284776161,1.996592504,0.099599801,0.920568488,0,0,0,0,0,0,0,0,,NaN,0.998060892,-46.712504,0.999988898,,,,,,
61,0.061613751,1.996015337,0.067956704,0.686921241,3,0,3,3,1,1,1,30,,0.007167496,0.689074887,84.184663,0.824798793,,,,,,
62,0.172095207,1.998217832,0.096176095,0.714905917,3,0,3,3,1,1,1,30,,0.013384663,0.718093193,111.862168,0.847406858,,,,,,
63,0.675960118,1.999553944,0.097112451,0.803512645,3,0,3,3,1,1,1,30,,0.011782168,0.805220763,110.406056,0.899116036,,,,,,
64,2.5964619,1.99866773,0.093212923,0.903879518,0,0,0,0,0,0,0,0,,NaN,0.998085177,-48.78773,0.999988898,,,,,,
65,2.926889543,1.996672972,0.069987119,0.91380457,0,0,0,0,0,0,0,0,,NaN,0.999279884,-46.792972,0.999988898,,,,,,
66,2.590983853,1.997416652,0.07542031,0.904825599,0,0,0,0,0,0,0,0,,NaN,0.996536787,-47.416652,0.999987531,,,,,,
67,1.803694826,1.997799191,0.077867383,0.872643822,0,3,1.5,1.5,0,0,1,10,,0.037183348,0.873174232,95.240809,0.930376191,,,,,,
68,0.588035569,1.999969658,0.089334941,0.792590469,3,0,3,3,1,1,1,30,,0.012200809,0.793998452,105.670342,0.859880607,,,,,,
69,1.185283222,1.996531187,0.071247219,0.839250609,0,3,1.5,1.5,1,0,1,20,,0.010150342,0.85123861,98.068813,0.969777823,,,,,,
70,2.978771228,1.999444178,0.090716876,0.913371789,0,0,0,0,0,0,0,0,,NaN,0.994984589,-49.444178,0.999987531,,,,,,
71,0.75582006,1.998566019,0.07025517,0.811606189,3,0,3,3,1,1,0,20,,0.010315822,0.814497601,90.873981,0.87835664,,,,,,
72,2.747101733,1.997447301,0.08847012,0.908972454,0,0,0,0,0,0,0,0,,NaN,0.995709835,-47.447301,0.999987531,,,,,,
73,0.734044623,1.996675015,0.083155992,0.811188153,3,0,3,3,1,1,1,30,,0.010992699,0.81210886,96.364985,0.895220908,,,,,,
74,1.473938386,1.997663887,0.092642422,0.84870602,0,3,1.5,1.5,1,0,0,10,,0.018604985,0.868655925,105.096113,0.913548035,,,,,,
75,2.502474243,1.997887925,0.090510735,0.901743612,0,0,0,0,0,0,0,0,,NaN,0.99493642,-47.887925,0.999987531,,,,,,
76,3.120909741,1.996382048,0.096793895,0.917333329,0,0,0,0,0,0,0,0,,NaN,0.997919127,-46.382048,0.999987531,,,,,,
77,0.324503075,1.998335781,0.096367719,0.749038222,3,0,3,3,1,1,1,30,,0.013137952,0.75155985,111.504219,0.867200956,,,,,,
78,3.717543884,1.996821949,0.07782763,0.928643564,0,0,0,0,0,0,0,0,,NaN,0.998408618,-46.821949,0.999987531,,,,,,
79,3.102850714,1.99748208,0.089968236,0.91715511,0,0,0,0,0,0,0,0,,NaN,0.996193813,-47.48208,0.999987531,,,,,,
80,1.94716653,1.99830861,0.073287067,0.878097949,0,3,1.5,1.5,0,0,1,10,,0.03831792,0.92147702,91.85139,0.955481895,,,,,,
81,1.743434354,1.996928692,0.067717014,0.868274202,0,3,1.5,1.5,0,0,1,10,,0.03005139,0.937796207,79.431308,0.934178563,,,,,,
82,1.787134998,1.997089669,0.091477673,0.869823301,0,3,1.5,1.5,0,0,0,0,,0.037431308,0.883988405,100.990331,0.912062955,,,,,,
83,1.225397888,1.998450712,0.083350747,0.838271252,0,3,1.5,1.5,1,1,1,30,,0.014590331,0.847872272,94.709288,0.919219254,,,,,,
84,2.034034622,1.996984837,0.082681407,0.883896472,0,3,1.5,1.5,0,0,0,0,,0.038789288,0.889515145,92.215163,0.910884944,,,,,,
85,1.143086257,1.999314401,0.096827251,0.833105367,0,3,1.5,1.5,0,1,1,20,,0.013975163,0.835581939,109.325599,0.910635892,,,,,,
86,3.270510833,1.999973931,0.087008559,0.919455136,0,0,0,0,0,0,0,0,,NaN,0.995381406,-49.973931,0.999987531,,,,,,
87,3.179325668,1.998922203,0.087268291,0.917891549,0,0,0,0,0,0,0,0,,NaN,0.995451331,-48.922203,0.999987531,,,,,,
88,2.577272521,1.997312321,0.095319429,0.904133664,0,0,0,0,0,0,0,0,,NaN,0.997958778,-47.312321,0.999987531,,,,,,
89,1.514437531,1.998313122,0.093522798,0.84980579,0,3,1.5,1.5,0,1,1,20,,0.017967679,0.870599039,108.526878,0.917021196,,,,,,
90,3.246321833,1.996328538,0.085904826,0.920668606,0,0,0,0,0,0,0,0,,NaN,0.998134407,-46.328538,0.999987531,,,,,,
91,0.131302355,1.999655784,0.072791318,0.706342633,3,0,3,3,1,1,1,30,,0.013791462,0.707198284,95.304216,0.872702948,,,,,,
92,1.402908414,1.999544724,0.074689736,0.852764569,0,3,1.5,1.5,1,1,1,30,,0.014784216,0.861088153,90.735276,0.952438984,,,,,,
93,3.756006248,1.999286836,0.096220847,0.928136399,0,0,0,0,0,0,0,0,,NaN,0.998344576,-49.286836,0.999987531,,,,,,
94,3.503771246,1.996965867,0.067654849,0.925063157,0,0,0,0,0,0,0,0,,NaN,0.999526104,-46.965867,0.999987531,,,,,,
95,1.200625372,1.998355984,0.083013716,0.837288763,0,3,1.5,1.5,1,1,1,30,,0.014474133,0.847930738,102.844016,0.983260764,,,,,,
96,2.489900344,1.995973302,0.072291974,0.902853217,0,0,0,0,0,0,0,0,,NaN,0.997787696,-45.973302,0.999987531,,,,,,
97,2.348178818,1.997651414,0.099290066,0.896873719,0,0,0,0,0,0,0,0,,NaN,0.997923063,-47.651414,0.999987531,,,,,,
98,3.258894746,1.997182495,0.090432726,0.920477621,0,0,0,0,0,0,0,0,,NaN,0.996644702,-47.182495,0.999987531,,,,,,
99,3.623167748,1.996552353,0.083365705,0.927258037,0,0,0,0,0,0,0,0,,NaN,0.998374437,-46.552353,0.999987531,,,,,,
100,0.507947265,1.996624359,0.082387243,0.7816734,3,0,3,3,1,1,1,30,,0.011527647,0.782979142,97.255641,0.875337207,,,,,,
101,3.653503425,1.997736109,0.097801975,0.926848507,0,0,0,0,0,0,0,0,,NaN,0.998256856,-47.856109,0.999987531,,,,,,
102,2.529436985,1.998572471,0.089301881,0.901894804,0,0,0,0,0,0,0,0,,NaN,0.994454558,-48.692471,0.999987531,,,,,,
103,0.39016162,1.998835187,0.091932746,0.76185154,3,0,3,3,1,1,1,30,,0.011187529,0.763616021,107.524813,0.881404861,,,,,,
104,1.113992875,1.999024028,0.091446311,0.831187575,0,3,1.5,1.5,1,1,1,30,,0.012004813,0.83193284,92.695972,0.845105326,,,,,,
105,2.687526077,1.997029604,0.07976116,0.907711522,0,0,0,0,0,0,0,0,,NaN,0.998053557,-47.149604,0.999987531,,,,,,
106,3.830027342,1.998711594,0.088527414,0.929482381,0,0,0,0,0,0,0,0,,NaN,0.996310718,-48.831594,0.999987531,,,,,,
107,0.859554141,1.998609075,0.072400517,0.813781142,0,3,1.5,1.5,1,1,1,30,"(1,2)",0.011288406,0.822840407,88.310925,0.874130958,,,,,,
108,0.630452327,1.996557049,0.090211335,0.798131068,3,0,3,3,1,1,1,30,,0.009590925,0.799706227,106.322951,0.878510534,,,,,,
109,1.882371127,1.996375324,0.067760034,0.877518763,0,3,1.5,1.5,0,0,0,0,,0.039722951,0.977863236,85.624676,0.963911037,,,,,,
110,0.828667793,1.997956017,0.075921535,0.8113082,0,3,1.5,1.5,1,1,1,30,"(1,2)",0.013264676,0.822199422,87.763983,0.880533137,,,,,,
111,1.941502595,1.999878433,0.068237507,0.874066857,0,3,1.5,1.5,0,0,1,10,,0.037243983,0.915950154,90.401567,0.94547347,,,,,,
112,3.201121876,1.997297774,0.069934488,0.919275879,0,0,0,0,0,0,0,0,,NaN,0.997474923,-47.417774,0.999988898,,,,,,
113,0.567545355,1.998318116,0.094121146,0.789385968,3,0,3,3,1,1,1,30,,0.012222226,0.791343017,111.761884,0.889823398,,,,,,
114,1.687045131,1.99681205,0.089837793,0.862557694,0,3,1.5,1.5,1,0,0,10,,0.035081884,0.87773943,101.98795,0.90791574,,,,,,
115,0.662942101,1.999009779,0.077259413,0.80293823,3,0,3,3,1,1,1,30,,0.01306795,0.803676985,94.030221,0.898582419,,,,,,
116,1.168829318,1.996942396,0.098342394,0.83884238,0,3,1.5,1.5,0,0,1,10,,0.011350221,0.844776044,112.897604,0.915880985,,,,,,
117,0.337969706,1.997987654,0.067847054,0.753547443,3,0,3,3,1,1,1,30,,0.012337604,0.754257884,78.612346,0.870092644,,,,,,
118,1.622962797,1.99879232,0.081310187,0.861288865,0,3,1.5,1.5,0,1,1,20,,0.017412346,0.866980391,95.56768,0.927673177,,,,,,
119,0.142846714,1.999591597,0.079405897,0.708953863,3,0,3,3,1,1,1,30,,0.01132768,0.710269204,93.448403,0.847808751,,,,,,
120,1.396517223,1.999876548,0.092191709,0.851160754,0,3,1.5,1.5,1,1,1,30,,0.014728403,0.862353208,109.603452,0.927499645,,,,,,
121,0.462625432,1.99695288,0.092699643,0.77404772,3,0,3,3,1,1,1,30,,0.008563452,0.77589669,106.04712,0.858590053,,,,,,
122,0.762169068,1.999203046,0.087446866,0.809054061,3,0,3,3,1,1,1,30,,0.01304712,0.815136257,104.876954,0.870341255,,,,,,
123,1.975191038,1.998788108,0.078110888,0.873779351,0,3,1.5,1.5,0,0,1,10,,0.036596954,0.873779351,94.371892,0.932806466,,,,,,
124,0.353846979,1.995923024,0.068563274,0.756628963,3,0,3,3,1,1,1,30,,0.007971892,0.757272264,82.236976,0.853217525,,,,,,
125,1.431828771,1.999840542,0.092310095,0.851887199,0,3,1.5,1.5,1,1,1,30,,0.018516976,0.864942911,107.239458,0.909725396,,,,,,
126,0.060502397,1.997544119,0.07929136,0.685358429,3,0,3,3,1,1,1,30,,0.009199458,0.68759079,96.575881,0.824885167,,,,,,
127,0.314225795,1.996045626,0.070084293,0.749035794,3,0,3,3,1,1,1,30,,0.009335881,0.749736796,82.234374,0.849984149,,,,,,
128,1.316429131,1.997623153,0.087235882,0.84367709,0,3,1.5,1.5,1,1,1,30,,0.016234374,0.860144324,107.176847,0.908029713,,,,,,
129,1.215133831,1.997390833,0.074943026,0.841370151,0,3,1.5,1.5,0,0,0,0,,0.013456847,0.847684014,91.689167,0.929063841,,,,,,
130,1.318317456,1.998664273,0.099406591,0.848195611,0,3,1.5,1.5,0,1,1,20,,0.015369167,0.856994775,108.655727,0.916548361,,,,,,
131,0.799350459,1.998123881,0.097030138,0.809598909,0,3,1.5,1.5,1,1,1,30,"(1,2)",0.010975727,0.81920328,111.476119,0.905997087,,,,,,
132,0.394396343,1.999670761,0.082092612,0.763361196,3,0,3,3,1,1,1,30,,0.011756119,0.764263152,93.249239,0.877402347,,,,,,
133,0.414556298,1.999307432,0.069922427,0.767223227,3,0,3,3,1,1,1,30,,0.010209239,0.767776369,90.732568,0.878423629,,,,,,
134,0.696731364,1.996548519,0.093645859,0.806323568,3,0,3,3,1,1,1,30,,0.008892568,0.807949083,106.451481,0.883962642,,,,,,
135,1.408532324,1.997144176,0.08383104,0.847084464,0,3,1.5,1.5,0,0,1,10,,0.016451481,0.861591044,97.575824,0.929387696,,,,,,
136,0.201675031,1.996537143,0.093567482,0.722735104,3,0,3,3,1,1,1,30,,0.010455824,0.725508461,107.662857,0.833906052,,,,,,
137,1.148516361,1.997375608,0.087570239,0.836234729,0,3,1.5,1.5,1,0,1,20,,0.014062857,0.846480052,108.264392,0.928136471,,,,,,
138,1.670339491,1.996126662,0.088523282,0.866532593,0,3,1.5,1.5,1,0,0,10,,0.027504392,0.873998349,101.233338,0.894521411,,,,,,
139,0.115334161,1.999037073,0.078339002,0.701497771,3,0,3,3,1,1,1,30,,0.013873338,0.702995998,94.122927,0.843005891,,,,,,
140,0.135723264,2.000032455,0.096560694,0.705262776,3,0,3,3,1,1,1,30,,0.011082927,0.708358672,109.687545,0.845615257,,,,,,
141,0.230018498,1.998795028,0.095047413,0.728892025,3,0,3,3,1,1,1,30,,0.009607545,0.731681493,111.044972,0.857256682,,,,,,
142,0.083859494,1.997188246,0.071577541,0.693311363,3,0,3,3,1,1,1,30,,0.009884972,0.694582414,93.091754,0.857950622,,,,,,
143,0.572227202,1.997300114,0.075084013,0.791490071,3,0,3,3,1,1,1,30,,0.011611754,0.792054772,89.859886,0.863250592,,,,,,
144,0.464165603,1.999334963,0.092861313,0.773877805,3,0,3,3,1,1,1,30,,0.012579886,0.775924817,110.265037,0.882794762,,,,,,
145,1.834806186,1.99670484,0.081824185,0.876327696,0,3,1.5,1.5,0,0,0,0,,0.030345037,0.878200883,94.17516,0.927682269,,,,,,
146,0.749277239,1.997018954,0.092706674,0.808069763,3,0,3,3,1,1,1,30,,0.01209516,0.813828204,105.261046,0.882385099,,,,,,
147,1.248911502,1.997490619,0.093276056,0.840108155,0,3,1.5,1.5,1,0,0,10,,0.014421046,0.854447175,105.029381,0.906016159,,,,,,
148,0.98124119,1.998378148,0.07596204,0.823578998,0,3,1.5,1.5,1,1,1,30,,0.012749381,0.832629733,92.141852,0.92248066,,,,,,
149,1.424496252,1.997036683,0.095467361,0.846160201,0,3,1.5,1.5,0,0,1,10,,0.014741852,0.863001177,105.363317,0.86566551,,,,,,
150,1.904955469,1.99589116,0.099980322,0.878415895,0,3,1.5,1.5,0,0,0,0,,0.039603317,0.883474112,118.14884,0.953773012,,,,,,
151,0.382125969,1.999218908,0.093462806,0.759898274,3,0,3,3,1,1,1,30,,0.01398884,0.762137371,110.501092,0.875023225,,,,,,
152,1.178260159,1.995910761,0.071658019,0.840330074,0,3,1.5,1.5,1,0,1,20,,0.010061092,0.851287816,98.329239,0.975223862,,,,,,
153,1.490542847,1.996715859,0.085216888,0.855214241,0,3,1.5,1.5,1,1,1,30,,0.017929239,0.863992356,94.404141,0.923110657,,,,,,
154,0.639406064,1.998101445,0.076332359,0.800329498,3,0,3,3,1,1,1,30,,0.012684141,0.800848125,90.258555,0.868811069,,,,,,
155,1.460802246,1.996741304,0.095929268,0.853163501,0,3,1.5,1.5,0,1,0,10,,0.015258555,0.859185699,117.778696,0.948096407,,,,,,
156,1.261640494,1.999892056,0.092098345,0.84048915,0,3,1.5,1.5,1,1,1,30,,0.015058696,0.848134346,109.227944,0.919028591,,,,,,
157,1.801149841,1.997987797,0.091787856,0.86557368,0,3,1.5,1.5,0,0,0,0,,0.034587944,0.883652468,93.012203,0.883500435,,,,,,
158,0.800632908,1.996100435,0.098311608,0.812242864,0,3,1.5,1.5,1,1,1,30,"(1,2)",0.009972203,0.816711324,113.979565,0.89290206,,,,,,
159,0.572913382,1.999816917,0.085689536,0.790518452,3,0,3,3,1,1,1,30,,0.013899565,0.791944922,106.063083,0.85873747,,,,,,
160,1.886000647,1.997151885,0.07012342,0.876542431,0,3,1.5,1.5,0,0,0,0,,0.035863083,0.933621482,90.008115,0.933174475,,,,,,
161,0.654405555,1.997917548,0.086548399,0.801263114,3,0,3,3,1,1,1,30,,0.012248115,0.802741202,106.282452,0.87200629,,,,,,
162,1.994433861,1.998230524,0.097840088,0.879383695,0,0,1.5,1.5,0,0,1,10,,0.038362452,0.883920977,100.569476,0.889562718,,,,,,
163,1.944662664,1.999636013,0.098786137,0.874602662,0,3,1.5,1.5,0,1,0,10,,0.036969476,0.876558101,106.483987,0.904793045,,,,,,
164,1.514248211,1.998805993,0.088523296,0.850988072,0,3,1.5,1.5,1,1,0,20,,0.015403987,0.868786574,104.914007,0.909799632,,,,,,
165,0.312364064,1.998422409,0.095097222,0.746617528,3,0,3,3,1,1,1,30,,0.010714007,0.749165151,111.417591,0.866127116,,,,,,
166,1.624731682,1.996004974,0.084299733,0.866930615,0,3,1.5,1.5,0,0,1,10,,0.025977591,0.868199651,98.715026,0.924408507,,,,,,
167,1.956462375,1.998193534,0.071413378,0.876799589,0,3,1.5,1.5,0,0,0,0,,0.039915026,0.924550509,89.686466,0.926337207,,,,,,
168,0.801598877,1.998103911,0.092011218,0.80891056,0,3,1.5,1.5,1,1,1,30,"(1,2)",0.011446466,0.819439736,104.896089,0.882044629,,,,,,
169,0.22090498,1.999159825,0.090013983,0.727402556,3,0,3,3,1,1,1,30,,0.011776089,0.729529219,109.120175,0.884981501,,,,,,
170,1.101388275,1.996672919,0.076056597,0.833273901,0,3,1.5,1.5,0,0,0,0,,0.010480175,0.843520797,94.687081,0.951412142,,,,,,
171,1.275078673,1.997975232,0.081673921,0.843201011,0,3,1.5,1.5,0,1,0,10,,0.015367081,0.850147783,96.144768,0.918951215,,,,,,
172,1.582116127,1.999039828,0.094825634,0.856528849,0,3,1.5,1.5,1,1,1,30,?,0.017184768,0.860566261,101.680172,0.87097764,,,,,,
173,0.116779069,1.996104397,0.078431829,0.702507377,3,0,3,3,1,1,1,30,,0.006040172,0.704386087,91.175603,0.815093171,,,,,,
174,0.736566104,1.997062335,0.098730995,0.807409833,3,0,3,3,1,1,1,30,,0.012695603,0.81241563,112.777665,0.894051147,,,,,,
175,1.768983622,1.99774197,0.072445288,0.864566345,0,3,1.5,1.5,1,1,1,30,?,0.037177665,0.928704717,87.61803,0.928704717,,,,,,
176,1.382097624,1.998766467,0.079662071,0.84700256,0,3,1.5,1.5,1,1,1,30,,0.01693803,0.864286325,96.433533,0.923323246,,,,,,
177,1.138109526,1.996338738,0.093600284,0.834779427,0,3,1.5,1.5,1,0,0,10,,0.010753533,0.845220726,105.701262,0.907334968,,,,,,
178,1.878885681,1.999832273,0.076951115,0.868059486,0,3,1.5,1.5,0,0,1,10,,0.038261262,0.881435503,89.967727,0.919672051,,,,,,
179,0.612340429,1.996372777,0.069335507,0.796981842,3,0,3,3,1,0,0,10,,0.008127727,0.797499106,80.707223,0.88509437,,,,,,
180,1.498330633,1.997511422,0.094588959,0.849752623,0,3,1.5,1.5,1,1,1,30,,0.018907223,0.870083087,109.328578,0.916550507,,,,,,
181,0.784200744,1.997323534,0.08844504,0.807464328,3,0,3,3,1,1,1,30,"(1,2)??",0.011648578,0.817617862,105.196466,0.885326983,,,,,,
182,1.890150862,1.997086555,0.098287962,0.87306921,0,3,1.5,1.5,0,0,1,10,,0.038476466,0.886418713,114.673445,0.928200251,,,,,,
183,0.515792233,1.998438368,0.073925147,0.783375377,3,0,3,3,1,1,1,30,,0.012553445,0.783937114,90.641632,0.858453177,,,,,,
184,1.137231722,1.999055548,0.086547899,0.83282892,0,3,1.5,1.5,1,1,1,30,,0.012521632,0.83523786,104.424452,0.894570492,,,,,,
185,1.747707847,1.996959024,0.069333117,0.868291876,0,3,1.5,1.5,0,0,1,10,,0.029424452,0.936408171,79.400976,0.932665979,,,,,,
186,1.362302795,1.997552817,0.094382733,0.846885644,0,3,1.5,1.5,1,1,1,30,?,0.015800976,0.862099314,112.647183,0.926273885,,,,,,
187,0.498807736,1.999682236,0.09128474,0.779745856,3,0,3,3,1,1,1,30,,0.012327183,0.781268114,106.317764,0.852793016,,,,,,
188,1.177322055,1.996112156,0.078717956,0.840362617,0,3,1.5,1.5,1,0,1,20,,0.009837764,0.851215483,98.367844,0.97357372,,,,,,
189,0.74941879,1.999726268,0.072120817,0.810597978,3,0,3,3,1,1,0,20,,0.013887844,0.813707073,88.993732,0.870512879,,,,,,
190,1.982722642,1.996096658,0.095300435,0.881483678,0,3,1.5,1.5,0,0,0,0,,0.037393732,0.882412243,104.023342,0.929842189,,,,,,
191,1.425552316,1.999049392,0.067743831,0.85149076,0,3,1.5,1.5,1,1,0,20,,0.018583342,0.863493871,97.230608,0.955746955,,,,,,
192,0.1171211,1.998099706,0.083015125,0.702000219,3,0,3,3,1,1,1,30,,0.010350608,0.703765872,95.420294,0.839889381,,,,,,
193,0.695932206,1.995923289,0.073924755,0.807193443,3,0,3,3,1,1,1,30,,0.009500294,0.807772803,89.076711,0.889266016,,,,,,
194,1.49928938,1.999635651,0.075461006,0.851681049,0,3,1.5,1.5,1,1,1,30,,0.018756711,0.870065182,97.004349,0.939627954,,,,,,
195,0.191165106,1.996151683,0.068494789,0.722126866,3,0,3,3,1,1,1,30,,0.006764349,0.723055063,82.608317,0.833825186,,,,,,
196,0.576395257,1.997156963,0.067219494,0.792147216,0,3,1.5,1.5,1,1,0,20,,0.012528317,0.792622748,79.923037,0.887748099,,,,,,
197,0.905418885,1.999655782,0.091834016,0.816450575,0,3,1.5,1.5,1,1,1,30,,0.013083037,0.825439846,103.704218,0.880457019,,,,,,
198,1.752369045,1.996045737,0.087448381,0.873119555,0,3,1.5,1.5,0,1,1,20,,0.029064218,0.873119555,102.394263,0.915696947,,,,,,
199,1.683013758,1.998738236,0.084460513,0.862040912,0,3,1.5,1.5,0,0,1,10,,0.019714263,0.869888453,94.901764,0.932223897,,,,,,
200,1.151908233,1.996998721,0.094136774,0.837026299,0,3,1.5,1.5,1,0,1,20,,0.011621764,0.849429169,110.201279,0.950054679,,,,,,
201,1.691606163,1.996613504,0.087812642,0.859877352,0,3,1.5,1.5,0,0,0,0,,0.027881279,0.869046461,102.066496,0.914293279,,,,,,
202,1.112991215,1.998840735,0.088369347,0.834150022,0,3,1.5,1.5,1,1,1,30,,0.014346496,0.834634869,98.519265,0.875670913,,,,,,
203,0.493109462,1.997504868,0.072358525,0.780129754,3,0,3,3,1,1,1,30,,0.010079265,0.780760999,89.895132,0.852233725,,,,,,
204,0.40652974,1.997520851,0.097433687,0.76442294,3,0,3,3,1,1,1,30,,0.011415132,0.766796614,112.319149,0.872236757,,,,,,
205,1.175898672,1.998168688,0.071949514,0.835628135,0,3,1.5,1.5,1,1,1,30,,0.013919149,0.843572153,87.311312,0.902035896,,,,,,
206,1.074354374,1.997929358,0.086148872,0.83149293,0,3,1.5,1.5,1,1,1,30,,0.012431312,0.832488407,111.790642,0.955342017,,,,,,
207,0.279348009,1.998286388,0.089400277,0.740405225,3,0,3,3,1,1,1,30,,0.011590642,0.742687973,108.673612,0.862888206,,,,,,
208,0.092309701,1.997879475,0.096805649,0.693377567,3,0,3,3,1,1,1,30,,0.011113612,0.697099112,112.200525,0.833230407,,,,,,
209,0.967081766,1.996410867,0.089057564,0.825122431,0,3,1.5,1.5,1,1,1,30,,0.010920525,0.831816148,105.389133,0.898607079,,,,,,
210,1.364002633,1.999277827,0.085316768,0.846334281,0,3,1.5,1.5,1,1,1,30,,0.018029133,0.862505829,102.642173,0.911258232,,,,,,
211,0.145216318,1.996008642,0.067543339,0.710834213,3,0,3,3,1,1,1,30,,0.005682173,0.712352045,83.111358,0.823042377,,,,,,
212,1.90468528,1.996868822,0.092003635,0.877806675,0,3,1.5,1.5,0,0,0,0,,0.040031358,0.881088764,104.331178,0.923528209,,,,,,
213,0.559071078,1.996918008,0.07979759,0.789127224,3,0,3,3,1,1,1,30,,0.011571178,0.790348437,97.081992,0.881751914,,,,,,
214,1.395105949,1.999617542,0.081648082,0.851124926,0,3,1.5,1.5,1,1,1,30,,0.017521992,0.862284112,93.782458,0.922249725,,,,,,
215,0.278707926,1.997959695,0.074303072,0.741608981,3,0,3,3,1,1,1,30,,0.009662458,0.742419298,91.840305,0.87667957,,,,,,
216,1.870793342,1.997349486,0.093354671,0.875394293,0,3,1.5,1.5,0,0,1,10,,0.037480305,0.881477816,93.770514,0.885457115,,,,,,
217,1.449671895,1.999707674,0.097165287,0.85272182,0,3,1.5,1.5,1,1,1,30,,0.017210514,0.865139577,107.372326,0.910491964,,,,,,
218,1.49558442,1.997930719,0.090430679,0.848998002,0,3,1.5,1.5,1,0,0,10,,0.015932326,0.871278442,104.949281,0.914162475,,,,,,
219,0.721316618,1.997966954,0.099728075,0.808918464,3,0,3,3,1,1,1,30,,0.011469281,0.810692391,111.993046,0.89988223,,,,,,
220,0.544218622,1.997915138,0.072172631,0.787540419,3,0,3,3,1,1,1,30,,0.011313046,0.788124475,90.564862,0.860676726,,,,,,
221,0.560044815,1.998718652,0.091291023,0.788748469,3,0,3,3,1,1,1,30,,0.011844862,0.790253804,106.921348,0.860873197,,,,,,
222,1.665943657,1.996833826,0.072546296,0.857711198,0,3,1.5,1.5,1,1,1,30,,0.034561348,0.930195527,88.406174,0.927517827,,,,,,
223,0.413162995,1.998338836,0.075548637,0.767035874,3,0,3,3,1,1,1,30,,0.012686174,0.767675599,90.861164,0.849905536,,,,,,
224,0.771341345,1.998086468,0.075451001,0.809762436,3,0,3,3,1,1,1,30,,0.011301164,0.816233595,88.113532,0.877879702,,,,,,
225,1.880438472,1.998166442,0.067804712,0.876061313,0,3,1.5,1.5,0,0,0,0,,0.037113532,0.972143507,68.233558,0.880628439,,,,,,
226,1.970206546,1.998022096,0.079530604,0.879053351,0,3,1.5,1.5,0,0,0,0,,0.037993558,0.883770008,97.657904,0.944090285,,,,,,
227,0.740750152,1.998465845,0.067232739,0.812434669,3,0,3,3,1,1,0,20,,0.011737904,0.812838172,77.414155,0.903299997,,,,,,
228,0.015620743,1.998774418,0.078290993,0.67083026,3,0,3,3,1,1,1,30,,0.011774155,0.672830834,94.625582,0.825441442,,,,,,
229,0.261632088,1.999543684,0.083525764,0.737432419,3,0,3,3,1,1,1,30,,0.011105582,0.738513277,93.496316,0.863237243,,,,,,
230,1.232879696,1.997568925,0.084445875,0.839407056,0,3,1.5,1.5,1,1,1,30,,0.011896316,0.84903736,95.111075,0.916299741,,,,,,
231,0.587151845,1.998408207,0.080115981,0.793148867,3,0,3,3,1,1,1,30,,0.012071075,0.794004999,94.751793,0.892336524,,,,,,
232,1.622546611,1.99689222,0.071504584,0.8563662,0,3,1.5,1.5,1,1,1,30,,0.034511793,0.927501061,88.22778,0.922318085,,,,,,
233,0.389414227,1.997983731,0.095100448,0.761238233,3,0,3,3,1,1,1,30,,0.01238778,0.763617292,111.976269,0.872753925,,,,,,
234,1.386175982,1.999448052,0.095526547,0.850608828,0,3,1.5,1.5,1,1,1,30,,0.016456269,0.862203358,110.031948,0.927041174,,,,,,
235,1.423875632,1.996118486,0.068411522,0.850993233,0,3,1.5,1.5,0,0,1,10,,0.013671948,0.853002387,80.601514,0.923100406,,,,,,
236,1.359946679,1.998748195,0.098556049,0.849156356,0,3,1.5,1.5,1,1,1,30,,0.018441514,0.860804739,110.731805,0.925848411,,,,,,
237,1.29175156,1.996912114,0.078915898,0.842410331,0,3,1.5,1.5,1,0,0,10,,0.012811805,0.859450343,96.607886,0.918791557,,,,,,
238,1.766757905,1.996402219,0.09997548,0.870271812,0,3,1.5,1.5,0,0,1,10,,0.038167886,0.875107899,109.357781,0.897703064,,,,,,
239,0.097909911,1.996299173,0.084812402,0.696239162,3,0,3,3,1,1,1,30,,0.009877781,0.698827214,99.620827,0.832712422,,,,,,
240,0.057262739,1.998259088,0.093514251,0.682374881,3,0,3,3,1,1,1,30,,0.013340827,0.686349007,111.940912,0.829064486,,,,,,
241,0.037477002,1.99884151,0.092852343,0.675940731,3,0,3,3,1,1,1,30,,0.011980912,0.679931963,111.23849,0.827910792,,,,,,
242,0.841997754,1.99822354,0.088888172,0.813669932,0,3,1.5,1.5,1,1,1,30,"(1,2)",0.01091849,0.822500489,103.33646,0.884978868,,,,,,
243,1.76924031,1.996254146,0.06999545,0.875012056,0,3,1.5,1.5,0,0,0,0,,0.03049646,0.928577349,84.905854,0.953104984,,,,,,
244,1.901183729,1.996885408,0.070963545,0.878696819,0,3,1.5,1.5,0,0,0,0,,0.039785854,0.925306118,94.474592,0.965946028,,,,,,
245,0.49216344,1.998527264,0.081263401,0.779453816,3,0,3,3,1,1,1,30,,0.012874592,0.780378301,94.512736,0.884964042,,,,,,
246,0.196826334,1.999832085,0.092776386,0.720996513,3,0,3,3,1,1,1,30,,0.011472736,0.723798857,109.887915,0.854183431,,,,,,
247,1.888456078,1.998812513,0.075609466,0.872491793,0,3,1.5,1.5,0,0,1,10,,0.035127915,0.915999639,91.707487,0.947371024,,,,,,
248,1.77239963,1.997565532,0.077690724,0.86386251,0,3,1.5,1.5,1,0,0,10,,0.035427487,0.883187961,92.954468,0.925256278,,,,,,
249,0.921993937,1.996513073,0.097338703,0.817958618,0,3,1.5,1.5,1,0,1,20,,0.011114468,0.823655069,110.926927,0.891006536,,,,,,
250,0.972954149,1.996515259,0.082735248,0.823205558,0,3,1.5,1.5,1,1,0,20,,0.012406927,0.831587134,103.604741,0.968717553,,,,,,
251,1.328053729,1.998611189,0.073658764,0.846822444,0,3,1.5,1.5,1,1,1,30,,0.016364741,0.858953931,84.588811,0.907652662,,,,,,
252,1.824021872,1.996026455,0.09598909,0.873849838,0,3,1.5,1.5,0,0,0,0,,0.030708811,0.875557164,111.413545,0.914777904,,,,,,
253,1.014949924,1.997506641,0.087526898,0.82924988,0,3,1.5,1.5,1,1,1,30,,0.013973545,0.833366619,102.133359,0.894482332,,,,,,
254,1.495486282,1.998733044,0.08042706,0.853113048,0,3,1.5,1.5,1,1,1,30,,0.017533359,0.86770447,96.946956,0.928937382,,,,,,
255,0.386160163,1.999850462,0.09834889,0.760612634,3,0,3,3,1,1,1,30,,0.011146956,0.762802519,109.749538,0.875800271,,,,,,
256,1.473514161,1.997635971,0.097473007,0.848617457,0,3,1.5,1.5,1,1,1,30,,0.015189538,0.868641457,109.204029,0.915433177,,,,,,
257,1.072893408,1.996916532,0.098650931,0.831850689,0,3,1.5,1.5,1,1,1,30,,0.012124029,0.842106307,112.803468,0.914203835,,,,,,
258,0.268840851,1.999586109,0.077242953,0.738982661,3,0,3,3,1,1,1,30,,0.012963468,0.740048362,93.453891,0.864107488,,,,,,
259,3.061078441,1.996772606,0.083690273,0.916702678,0,0,0,0,0,0,0,0,,NaN,0.998157523,-46.892606,0.999987531,,,,,,
260,3.220409099,1.998468363,0.068636286,0.91895443,0,0,0,0,0,0,0,0,,NaN,0.996694833,-48.588363,0.999987531,,,,,,
261,0.948703076,1.997407189,0.087376675,0.819560666,0,3,1.5,1.5,1,1,1,30,,0.011171637,0.831382544,103.792811,0.895334292,,,,,,
262,0.62550224,1.999767478,0.075340446,0.798209921,3,0,3,3,1,1,1,30,,0.012592811,0.798928924,93.152522,0.896396132,,,,,,
263,1.662182308,1.996127912,0.088155794,0.86593868,0,3,1.5,1.5,1,0,1,20,,0.024992522,0.874347624,103.992088,0.924514827,,,,,,
264,2.294284541,1.99872105,0.079307692,0.893352717,0,0,0,0,0,0,0,0,,0.042192088,0.906233489,66.83895,0.89445928,,,,,,
265,3.811215042,1.996056296,0.093725629,0.930146093,0,0,0,0,0,0,0,0,,NaN,0.997977677,-46.176296,0.999988898,,,,,,
266,3.028533136,1.996177189,0.084443092,0.916287657,0,0,0,0,0,0,0,0,,NaN,0.997938305,-46.297189,0.999988898,,,,,,
267,3.665648729,1.998053041,0.078379213,0.927198118,0,0,0,0,0,0,0,0,,NaN,0.998465155,-48.173041,0.999988898,,,,,,
268,3.101981941,1.996282542,0.097968752,0.916951086,0,0,0,0,0,0,0,0,,NaN,0.997865184,-46.402542,0.999988898,,,,,,
269,3.91514883,1.999288452,0.095868896,0.930571679,0,0,0,0,0,0,0,0,,NaN,0.998391692,-49.408452,0.999988898,,,,,,
270,1.857035072,1.999285946,0.085020206,0.867271917,0,3,1.5,1.5,0,1,1,20,,0.035311548,0.880204958,98.794054,0.91373029,,,,,,
271,2.317917445,1.998889665,0.08742842,0.894063054,0,0,0,0,0,0,0,0,,0.039154054,0.896694048,66.670335,0.895163278,,,,,,
272,1.470690637,1.996503939,0.086248589,0.854270204,0,3,1.5,1.5,1,1,1,30,,0.014710335,0.862342684,98.216061,0.924101289,,,,,,
273,1.545303706,1.998627855,0.073617818,0.857109103,0,3,1.5,1.5,1,0,0,10,,0.018776061,0.869621056,86.012145,0.902986006,,,,,,
274,1.266900357,1.998040312,0.076731503,0.84378557,0,3,1.5,1.5,0,1,0,10,,0.013292145,0.849762696,93.079688,0.95127045,,,,,,
275,2.415761258,1.999933561,0.082381748,0.89707652,0,0,0,0,0,0,0,0,,0.048799688,0.961304945,49.906439,0.899038135,,,,,,
276,2.003772625,1.998583631,0.074375256,0.881417934,0,3,1.5,1.5,0,0,1,10,,0.036226439,0.922557991,89.776369,0.920249124,,,,,,
277,0.771248515,1.999214211,0.094815483,0.809646321,3,0,3,3,1,1,1,30,"(2,1)",0.011416369,0.816120792,110.145789,0.90370912,,,,,,
278,3.995043745,1.997770324,0.073185651,0.932317295,0,0,0,0,0,0,0,0,,NaN,0.99807504,-47.890324,0.999988898,,,,,,
279,3.862602555,1.997681131,0.074223195,0.930442377,0,0,0,0,0,0,0,0,,NaN,0.997988305,-47.801131,0.999988898,,,,,,
280,3.006236072,1.999318307,0.072384578,0.914029896,0,0,0,0,0,0,0,0,,NaN,0.996113872,-49.438307,0.999988898,,,,,,
281,1.861440308,1.996227291,0.074281221,0.876601822,0,3,1.5,1.5,0,0,0,0,,0.036841693,0.931960398,92.612709,0.957088331,,,,,,
282,2.109465269,1.996434379,0.081208766,0.889483228,0,0,0,0,0,0,0,0,???,0.041972709,0.901107283,69.725621,0.889796809,,,,,,
283,1.831493428,1.996601953,0.077059706,0.874583133,0,3,1.5,1.5,0,0,0,0,,0.034325621,0.908888902,91.758047,0.935716358,,,,,,
284,2.491186474,1.997508408,0.097448542,0.901656843,0,0,0,0,0,0,0,0,,NaN,0.99791818,-47.628408,0.999987531,,,,,,
285,0.406147285,1.999343582,0.081025906,0.765419381,3,0,3,3,1,1,1,30,,0.012371592,0.766332855,93.696418,0.878329076,,,,,,
286,1.248117583,1.999226852,0.072854383,0.840327933,0,3,1.5,1.5,0,1,1,20,,0.012456418,0.848888699,92.613148,0.955804962,,,,,,
287,0.25357645,1.996131463,0.096832536,0.73421614,3,0,3,3,1,1,1,30,,0.007893148,0.737248982,115.628537,0.841191057,,,,,,
288,0.189027919,1.997543074,0.099325621,0.719163155,3,0,3,3,1,1,1,30,,0.012788537,0.722429749,113.016926,0.844628366,,,,,,
289,3.666411994,1.998074816,0.08131437,0.927199586,0,0,0,0,0,0,0,0,,NaN,0.998483071,-48.194816,0.999987531,,,,,,
290,3.727722077,1.997616164,0.07040027,0.928412849,0,0,0,0,0,0,0,0,,NaN,0.997853477,-47.736164,0.999987531,,,,,,
291,1.612142648,1.998616416,0.075293554,0.861322276,0,3,1.5,1.5,1,0,1,20,,0.017903836,0.866668668,96.823584,0.958306684,,,,,,
292,2.168906497,1.998496056,0.080310371,0.887669123,0,0,0,0,0,0,0,0,???,0.038623584,0.893099311,85.423944,0.891000961,,,,,,
293,1.979054931,1.9970961,0.086510039,0.881771254,0,3,1.5,1.5,0,0,1,10,,0.038383944,0.88211145,102.4239,0.932984258,,,,,,
294,0.18077254,1.997678047,0.075431651,0.719358926,3,0,3,3,1,1,1,30,,0.0119439,0.720408104,92.601953,0.864080913,,,,,,
295,2.405994998,1.99594403,0.086774675,0.900340148,0,0,0,0,0,0,0,0,,NaN,0.997179328,-46.06403,0.999987531,,,,,,
296,2.461837196,1.999979766,0.090383485,0.898816747,0,0,0,0,0,0,0,0,,0.05221597,0.929792406,49.020234,0.900812098,,,,,,
297,0.568839689,1.996576035,0.074084166,0.791021681,3,0,3,3,1,1,1,30,,0.008100234,0.791695655,89.743965,0.873320141,,,,,,
298,0.294423884,1.996322068,0.070610008,0.744841189,3,0,3,3,1,1,1,30,,0.010783965,0.745775622,89.997932,0.84384905,,,,,,
299,2.974772872,1.997431207,0.076579307,0.914418462,0,0,0,0,0,0,0,0,,NaN,0.997035956,-47.551207,0.999987531,,,,,,
300,3.231348037,1.996704993,0.077315317,0.920203509,0,0,0,0,0,0,0,0,,NaN,0.997991358,-46.824993,0.999987531,,,,,,
301,0.567638079,1.997623613,0.093830299,0.78980534,3,0,3,3,1,1,1,30,,0.012335007,0.791417179,106.816387,0.866599047,,,,,,
302,2.779995892,1.996091893,0.096862872,0.909634966,0,0,0,0,0,0,0,0,,NaN,0.997500438,-46.211893,0.999988898,,,,,,
303,1.089252647,1.999646317,0.070928661,0.834870893,0,3,1.5,1.5,1,1,1,30,,0.014628107,0.835199678,90.633683,0.925965345,,,,,,
304,1.849865974,1.999821613,0.097115416,0.86716306,0,3,1.5,1.5,1,0,1,20,,0.034747253,0.878661791,108.003227,0.92388332,,,,,,
305,0.579770553,1.997930267,0.087757563,0.791491543,3,0,3,3,1,1,1,30,,0.009535847,0.793057675,106.660243,0.864698669,,,,,,
306,2.106936795,1.997923553,0.069948095,0.887097922,0,0,0,0,0,0,0,0,???,0.039189733,0.927701269,83.956447,0.924905275,,,,,,
307,0.920399496,1.997292164,0.075973991,0.822910133,0,3,1.5,1.5,0,0,1,10,?,0.011476447,0.829952888,84.467836,0.872091897,,,,,,
308,2.289276845,1.999635224,0.084911155,0.892616775,0,0,0,0,0,0,0,0,,0.040307836,0.894520138,92.324776,0.894848351,,,,,,
309,2.412250761,1.997423528,0.098584978,0.899330557,0,0,0,0,0,0,0,0,,NaN,0.997914657,-47.543528,0.999988898,,,,,,
310,2.618530575,1.996348345,0.098830788,0.905429437,0,0,0,0,0,0,0,0,,NaN,0.997567688,-46.468345,0.999988898,,,,,,
311,1.576895595,1.99913605,0.071948516,0.855601422,0,3,1.5,1.5,1,1,0,20,,0.018691655,0.865758134,98.10395,0.9611152,,,,,,
312,0.293374823,1.997508912,0.09902074,0.742755699,3,0,3,3,1,1,1,30,,0.00978395,0.745535715,112.931088,0.858195259,,,,,,
313,0.801419391,1.996892047,0.098573659,0.811313756,0,3,1.5,1.5,1,1,0,20,"(1,2)",0.011291088,0.81941306,112.107953,0.901370382,,,,,,
314,3.196680765,1.997567967,0.082863009,0.919022259,0,0,0,0,0,0,0,0,,NaN,0.998291066,-47.687967,0.999987531,,,,,,
315,0.533323066,1.996286894,0.09334934,0.784783698,3,0,3,3,1,1,1,30,,0.010152033,0.786660601,106.713106,0.871633704,,,,,,
316,2.890359421,1.996434889,0.071424815,0.91308937,0,0,0,0,0,0,0,0,,NaN,0.99783106,-46.554889,0.999987531,,,,,,
317,1.884198523,1.999810211,0.080744651,0.868309723,0,3,1.5,1.5,0,0,1,10,,0.038285111,0.881438016,89.989789,0.919311926,,,,,,
318,3.486471508,1.999868894,0.097193993,0.923506093,0,0,0,0,0,0,0,0,,NaN,0.998231251,-49.988894,0.999987531,,,,,,
319,0.273614351,1.998281702,0.093080504,0.739155653,3,0,3,3,1,1,1,30,,0.009651106,0.741291759,108.558298,0.869337388,,,,,,
320,1.549373944,1.996134081,0.098651098,0.858276284,0,3,1.5,1.5,0,1,0,10,,0.027558298,0.860197798,109.745919,0.897293305,,,,,,
321,0.373284696,1.99686325,0.088536165,0.758737719,3,0,3,3,1,1,1,30,,0.012065919,0.760931739,106.49675,0.844912404,,,,,,
322,3.366643283,1.997356494,0.067889199,0.922410669,0,0,0,0,0,0,0,0,,NaN,0.999508696,-47.476494,0.999988898,,,,,,
323,0.016219784,1.999306642,0.094976006,0.668754316,3,0,3,3,1,1,1,30,,0.013363506,0.672849081,110.653358,0.824989361,,,,,,
324,2.712186626,1.995949181,0.097801975,0.907930781,0,0,0,0,0,0,0,0,,NaN,0.997300939,-46.069181,0.999988898,,,,,,
325,2.860561272,1.996064266,0.089301881,0.912332216,0,0,0,0,0,0,0,0,,NaN,0.997175544,-46.184266,0.999988898,,,,,,
326,3.040431469,1.996589125,0.091932746,0.916359433,0,0,0,0,0,0,0,0,,NaN,0.996898232,-46.709125,0.999988898,,,,,,
327,0.295525459,1.998589648,0.091446311,0.743741398,3,0,3,3,1,1,1,30,,0.013050875,0.745757264,108.370352,0.867548643,,,,,,
328,1.399239272,1.998933843,0.07976116,0.848126249,0,3,1.5,1.5,1,1,1,30,,0.015970352,0.865513984,96.146157,0.92263751,,,,,,
329,0.90954641,1.998583942,0.088527414,0.816748724,0,3,1.5,1.5,1,1,1,30,,0.011186157,0.826128348,100.216058,0.888340524,,,,,,
330,2.800239681,1.997763849,0.072400517,0.910095169,0,0,0,0,0,0,0,0,,NaN,0.996573867,-47.883849,0.999988898,,,,,,
331,1.509948396,1.998164204,0.090211335,0.849979177,0,3,1.5,1.5,1,0,0,10,,0.017636151,0.870360835,104.835796,0.914111811,,,,,,
332,3.187266581,1.99711967,0.067760034,0.919105119,0,0,0,0,0,0,0,0,,NaN,0.999436829,-47.23967,0.999988898,,,,,,
333,0.636464599,1.998987887,0.075921535,0.799913395,3,0,3,3,1,1,1,30,,0.01276033,0.800379886,90.092113,0.865562443,,,,,,
334,0.923310208,1.996672313,0.068237507,0.821726047,0,3,1.5,1.5,0,1,1,20,"(1,2)",0.009932113,0.824592523,78.487687,0.899274134,,,,,,
335,0.509386431,1.998746564,0.069934488,0.782404758,3,0,3,3,1,1,1,30,,0.013087687,0.782946699,90.693436,0.856198657,,,,,,
336,0.476239955,1.99664963,0.094121146,0.776178741,3,0,3,3,1,1,1,30,,0.009333436,0.778152608,105.99037,0.862902365,,,,,,
337,3.042522727,1.997420352,0.089837793,0.915912647,0,0,0,0,0,0,0,0,,NaN,0.9961606,-47.540352,0.999988898,,,,,,
338,2.028966056,1.998491744,0.077259413,0.880512141,0,3,1.5,1.5,0,1,0,10,,0.038859648,0.885557563,97.548256,0.951694747,,,,,,
339,1.924510706,1.999135948,0.098342394,0.871024208,0,3,1.5,1.5,0,0,1,10,,0.036708256,0.87161254,106.504052,0.907771839,,,,,,
340,0.507341794,1.996223024,0.067847054,0.782282202,3,0,3,3,1,1,0,20,,0.008464052,0.782837892,82.056976,0.875003316,,,,,,
341,2.985608912,1.999757442,0.081310187,0.913460133,0,0,0,0,0,0,0,0,,NaN,0.998223702,-49.877442,0.999988898,,,,,,
342,2.17719296,1.999117136,0.079405897,0.887406694,0,0,0,0,0,0,0,0,,0.037122558,0.895121298,93.682864,0.940684608,,,,,,
343,1.228333333,1.997913298,0.092191709,0.836626653,0,3,1.5,1.5,1,1,1,30,,0.012442864,0.852495123,101.246702,0.916120313,,,,,,
344,1.79637339,1.997701077,0.093180157,0.864844206,0,3,1.5,1.5,1,0,0,10,,0.036566702,0.883648795,94.978923,0.884075287,,,,,,
345,1.406328118,1.997746599,0.072922858,0.849955488,0,3,1.5,1.5,1,0,0,10,,0.015898923,0.864205142,91.693401,0.921285804,,,,,,
346,0.265883421,1.997161456,0.083009154,0.738257551,3,0,3,3,1,1,1,30,,0.010933401,0.739829725,96.838544,0.853013754,,,,,,
347,0.839706537,1.998003786,0.08153802,0.813501336,0,3,1.5,1.5,1,1,1,30,"(1,2)",0.012478544,0.822591229,94.556214,0.907572176,,,,,,
348,0.431616272,1.998013215,0.088222223,0.769021489,3,0,3,3,1,1,1,30,,0.011396214,0.770822484,107.266785,0.853867904,,,,,,
349,0.643677259,1.999291782,0.090321849,0.799896056,3,0,3,3,1,1,1,30,,0.011866785,0.801262847,106.468218,0.865410131,,,,,,
350,0.83983384,1.999196798,0.091831067,0.812951604,0,3,1.5,1.5,1,1,1,30,"(1,2)",0.010708218,0.822192275,102.363202,0.880685036,,,,,,
351,2.824184352,2.000411243,0.091717193,0.909683964,0,0,0,0,0,0,0,0,,NaN,0.998144025,-0.050531243,0.999988898,,,,,,
352,0.127331386,2.000917177,0.075194667,0.704824371,3,0,3,3,1,1,1,30,,0.009082823,0.706285992,0.092242823,0.844901805,,,,,,
353,1.10769194,1.996590482,0.08354837,0.828267889,0,3,1.5,1.5,0,1,1,20,,0.013049518,0.845077793,0.099809518,0.92168561,,,,,,
354,0.184685563,2.00095931,0.089979255,0.718741186,3,0,3,3,1,1,1,30,,0.00892069,0.721013988,0.10780069,0.889729595,,1.999117136,1.998558,,1.999291782,1.998558
355,0.388527125,1.999398107,0.096367078,0.761045485,3,0,3,3,1,1,1,30,,0.010481893,0.763252993,0.110321893,0.875816117,,,,,,
356,3.293831313,1.996426891,0.098644404,0.920765331,0,0,0,0,0,0,0,0,,NaN,0.998021216,-0.046546891,0.999988898,,0.000559136,,,0.000733782,
357,2.779314492,1.997432212,0.084922277,0.909796908,0,0,0,0,0,0,0,0,,NaN,0.998107366,-0.047552212,0.999988898,,,,,,
358,1.26839792,1.998923231,0.071316194,0.842485179,0,3,1.5,1.5,0,1,1,20,,0.013116769,0.85016878,0.093036769,0.957714069,,,,,,
359,3.800888195,2.001204482,0.07167149,0.929072118,0,0,0,0,0,0,0,0,,NaN,0.997361844,-0.051324482,0.999988898,,1.998583631,0.074375256,,,
360,0.137784322,2.001245492,0.075275025,0.707682827,3,0,3,3,1,1,1,30,,0.008514508,0.709209773,0.092034508,0.845732107,,,,,,
361,1.754977439,1.996760628,0.094695885,0.869627171,0,3,1.5,1.5,0,0,0,0,,0.037119372,0.878197706,0.101439372,0.90515048,,,,,,
362,1.526233828,2.001277182,0.075167597,0.851957357,0,3,1.5,1.5,0,1,1,20,,0.013882818,0.871296813,0.095962818,0.95493699,,2.56E-05,,,,
363,3.062067153,2.001202594,0.093815685,0.915576591,0,0,0,0,0,0,0,0,,NaN,0.998176677,-0.051322594,0.999988898,,,,,,
364,3.180799605,1.998581531,0.074809381,0.918092604,0,0,0,0,0,0,0,0,,NaN,0.996631677,-0.048701531,0.999988898,,,,,,
365,0.747490418,2.000331003,0.097644479,0.80797357,3,0,3,3,1,1,1,30,,0.009668997,0.813495717,0.109388997,0.903050852,,,,,,
366,0.359057583,1.996673257,0.078354459,0.756788298,3,0,3,3,1,1,1,30,,0.011286743,0.758331105,97.446743,0.8606,,,,,,
367,1.782344803,1.998228118,0.073246622,0.865025968,0,3,1.5,1.5,1,1,1,30,,0.036011882,0.928700844,0.086771882,0.926894677,,,,,,
368,2.58525204,2.00097242,0.075061092,0.903322454,0,0,0,0,0,0,0,0,,NaN,0.99814094,-0.05109242,0.999988898,,,,,,
369,2.837459323,2.000286152,0.087214288,0.909982746,0,0,0,0,0,0,0,0,,NaN,0.994696574,-0.050406152,0.999988898,,,,,,
370,3.018746728,2.001215513,0.082460519,0.914639222,0,0,0,0,0,0,0,0,,NaN,0.995266665,-0.051335513,0.999988898,,,,,,
371,0.104100308,1.999528004,0.078410262,0.698280424,3,0,3,3,1,1,1,30,,0.010711996,0.699722244,0.093631996,0.841946333,,,,,,
372,2.718810707,1.996083398,0.094366593,0.908867002,0,0,0,0,0,0,0,0,,NaN,0.996994992,-0.046203398,0.999988898,,,,,,
373,2.620392016,2.000602385,0.086189294,0.904113549,0,0,0,0,0,0,0,0,,NaN,0.994338587,-0.050722385,0.999988898,,,,,,
374,0.650446941,2.001073851,0.085005796,0.800783447,3,0,3,3,1,1,1,30,,0.008806149,0.802164185,0.104326149,0.86790772,,,,,,
375,0.475990726,1.999655751,0.097242549,0.77575565,3,0,3,3,1,1,1,30,,0.010224249,0.777761758,0.109944249,0.884008135,,,,,,
376,0.493456208,2.000094667,0.076218439,0.779642237,3,0,3,3,1,1,1,30,,0.009785333,0.780447837,0.092825333,0.886315691,,,,,,
377,3.838975834,2.000013514,0.091914768,0.929328482,0,0,0,0,0,0,0,0,,NaN,0.99836849,-0.050133514,0.999988898,,,,,,
378,0.571542907,1.998064039,0.091799179,0.790359797,3,0,3,3,1,1,1,30,,0.011335961,0.791923865,0.106855961,0.862477468,,,,,,
379,2.541071004,1.999526544,0.079368847,0.901574668,0,0,0,0,0,0,0,0,,NaN,0.998144645,-0.049646544,0.999988898,,,,,,
380,0.695247758,1.996836037,0.085608461,0.806719192,3,0,3,3,1,1,1,30,,0.011723963,0.807658345,0.097403963,0.891926867,,,,,,
381,0.338335649,1.997847059,0.0943073,0.751747348,3,0,3,3,1,1,1,30,,0.011312941,0.754341027,0.112232941,0.866654282,,,,,,
382,1.69713055,1.996760125,0.080003456,0.863293393,0,3,1.5,1.5,0,0,0,0,,0.036759875,0.878164012,0.094599875,0.924827499,,,,,,
383,0.614589054,1.996024013,0.091463,0.795992719,3,0,3,3,1,1,1,30,,0.011455987,0.797735691,0.106495987,0.880646769,,,,,,
384,0.291248954,1.998421419,0.06710598,0.744235239,3,0,3,3,1,1,1,30,,0.011098581,0.744919111,0.078178581,0.866570023,,,,,,
